{"initial_reset_timestamp": 1697315642.6776426, "timestamps": [1697315658.2847872], "episode_lengths": [8019], "episode_rewards": [519.0], "episode_types": ["t"]}