{"initial_reset_timestamp": 1697291405.8065712, "timestamps": [1697291406.4000058], "episode_lengths": [252], "episode_rewards": [613.0], "episode_types": ["t"]}