{"initial_reset_timestamp": 1697287267.5154135, "timestamps": [1697287267.8314035], "episode_lengths": [134], "episode_rewards": [244.0], "episode_types": ["t"]}