{"initial_reset_timestamp": 1697313995.7846205, "timestamps": [1697314011.283626], "episode_lengths": [8133], "episode_rewards": [1771.0], "episode_types": ["t"]}