{"initial_reset_timestamp": 1697315907.8218627, "timestamps": [1697315909.806876], "episode_lengths": [980], "episode_rewards": [1849.0], "episode_types": ["t"]}