{"initial_reset_timestamp": 1697293731.8693738, "timestamps": [1697293732.6021526], "episode_lengths": [340], "episode_rewards": [650.0], "episode_types": ["t"]}