{"initial_reset_timestamp": 1697289049.0564854, "timestamps": [1697289054.9061496], "episode_lengths": [852], "episode_rewards": [1688.0], "episode_types": ["t"]}