{"initial_reset_timestamp": 1697287770.032134, "timestamps": [1697287770.8995557], "episode_lengths": [412], "episode_rewards": [620.0], "episode_types": ["t"]}