{"initial_reset_timestamp": 1697312490.4422023, "timestamps": [1697312506.202203], "episode_lengths": [8019], "episode_rewards": [139.0], "episode_types": ["t"]}