{"initial_reset_timestamp": 1697319464.3505177, "timestamps": [1697319479.6841033], "episode_lengths": [8019], "episode_rewards": [-59.0], "episode_types": ["t"]}