{"initial_reset_timestamp": 1697288958.0625062, "timestamps": [1697289020.890767], "episode_lengths": [8019], "episode_rewards": [139.0], "episode_types": ["t"]}