{"initial_reset_timestamp": 1697293528.9373093, "timestamps": [1697293532.7960267], "episode_lengths": [536], "episode_rewards": [641.0], "episode_types": ["t"]}