{"initial_reset_timestamp": 1697299526.469192, "timestamps": [1697299578.2733648], "episode_lengths": [8019], "episode_rewards": [-21.0], "episode_types": ["t"]}