{"initial_reset_timestamp": 1697319404.8334365, "timestamps": [1697319406.000337], "episode_lengths": [576], "episode_rewards": [815.0], "episode_types": ["t"]}