{"initial_reset_timestamp": 1697310267.1885986, "timestamps": [1697310335.2438262], "episode_lengths": [8019], "episode_rewards": [-149.0], "episode_types": ["t"]}