{"initial_reset_timestamp": 1697315051.9088402, "timestamps": [1697315053.2331696], "episode_lengths": [649], "episode_rewards": [1041.0], "episode_types": ["t"]}