{"initial_reset_timestamp": 1697309636.5523727, "timestamps": [1697309698.5917256], "episode_lengths": [8019], "episode_rewards": [139.0], "episode_types": ["t"]}