{"initial_reset_timestamp": 1697311393.7272158, "timestamps": [1697311449.5515034], "episode_lengths": [8019], "episode_rewards": [1628.0], "episode_types": ["t"]}