{"initial_reset_timestamp": 1697313971.8169613, "timestamps": [1697313972.4510343], "episode_lengths": [300], "episode_rewards": [627.0], "episode_types": ["t"]}