{"initial_reset_timestamp": 1697294882.0891888, "timestamps": [1697294890.8804336], "episode_lengths": [1104], "episode_rewards": [788.0], "episode_types": ["t"]}