{"initial_reset_timestamp": 1697288654.1431756, "timestamps": [1697288717.6095514], "episode_lengths": [8019], "episode_rewards": [-136.0], "episode_types": ["t"]}