{"initial_reset_timestamp": 1697318427.927084, "timestamps": [1697318443.173861], "episode_lengths": [8019], "episode_rewards": [1771.0], "episode_types": ["t"]}