{"initial_reset_timestamp": 1697282042.6667373, "timestamps": [1697282092.278002], "episode_lengths": [8019], "episode_rewards": [-21.0], "episode_types": ["t"]}