{"initial_reset_timestamp": 1697308797.460523, "timestamps": [1697308803.3834782], "episode_lengths": [878], "episode_rewards": [1425.0], "episode_types": ["t"]}