{"initial_reset_timestamp": 1697318611.7358334, "timestamps": [1697318613.351109], "episode_lengths": [804], "episode_rewards": [1685.0], "episode_types": ["t"]}