{"initial_reset_timestamp": 1697296873.482839, "timestamps": [1697296922.1371026], "episode_lengths": [8019], "episode_rewards": [2139.0], "episode_types": ["t"]}