{"initial_reset_timestamp": 1697293639.185097, "timestamps": [1697293656.7721667], "episode_lengths": [8019], "episode_rewards": [-21.0], "episode_types": ["t"]}