{"initial_reset_timestamp": 1697300007.6346056, "timestamps": [1697300068.1884544], "episode_lengths": [8019], "episode_rewards": [-21.0], "episode_types": ["t"]}