{"initial_reset_timestamp": 1697316811.6573024, "timestamps": [1697316814.8543391], "episode_lengths": [1630], "episode_rewards": [2320.0], "episode_types": ["t"]}