{"initial_reset_timestamp": 1697315713.0961237, "timestamps": [1697315728.706933], "episode_lengths": [8019], "episode_rewards": [1931.0], "episode_types": ["t"]}