{"initial_reset_timestamp": 1697297062.9244964, "timestamps": [1697297109.3988395], "episode_lengths": [8019], "episode_rewards": [1913.0], "episode_types": ["t"]}