{"initial_reset_timestamp": 1697290090.065044, "timestamps": [1697290098.1233783], "episode_lengths": [1118], "episode_rewards": [1012.0], "episode_types": ["t"]}