{"initial_reset_timestamp": 1697307634.822681, "timestamps": [1697307640.2729995], "episode_lengths": [834], "episode_rewards": [1694.0], "episode_types": ["t"]}