{"initial_reset_timestamp": 1697293682.5844927, "timestamps": [1697293698.8922756], "episode_lengths": [8019], "episode_rewards": [-21.0], "episode_types": ["t"]}