{"initial_reset_timestamp": 1697300991.4466827, "timestamps": [1697300993.0037901], "episode_lengths": [258], "episode_rewards": [614.0], "episode_types": ["t"]}