{"initial_reset_timestamp": 1697292049.5177362, "timestamps": [1697292050.0873022], "episode_lengths": [272], "episode_rewards": [607.0], "episode_types": ["t"]}