{"initial_reset_timestamp": 1697306627.7274542, "timestamps": [1697306630.5370996], "episode_lengths": [462], "episode_rewards": [746.0], "episode_types": ["t"]}