{"initial_reset_timestamp": 1697289151.4995604, "timestamps": [1697289157.8762143], "episode_lengths": [906], "episode_rewards": [713.0], "episode_types": ["t"]}