{"initial_reset_timestamp": 1697291864.3970125, "timestamps": [1697291932.6380913], "episode_lengths": [8019], "episode_rewards": [1947.0], "episode_types": ["t"]}