{"initial_reset_timestamp": 1697322978.497518, "timestamps": [1697322993.4771721], "episode_lengths": [8019], "episode_rewards": [1612.0], "episode_types": ["t"]}