{"initial_reset_timestamp": 1697303773.9894755, "timestamps": [1697303775.3249218], "episode_lengths": [538], "episode_rewards": [817.0], "episode_types": ["t"]}