{"initial_reset_timestamp": 1697297886.613216, "timestamps": [1697297903.9258137], "episode_lengths": [8019], "episode_rewards": [-21.0], "episode_types": ["t"]}