{"initial_reset_timestamp": 1697294786.2535844, "timestamps": [1697294853.5001557], "episode_lengths": [8019], "episode_rewards": [1707.0], "episode_types": ["t"]}