{"initial_reset_timestamp": 1697313592.825105, "timestamps": [1697313594.3321192], "episode_lengths": [743], "episode_rewards": [1336.0], "episode_types": ["t"]}