{"initial_reset_timestamp": 1697293365.8857076, "timestamps": [1697293372.5217614], "episode_lengths": [900], "episode_rewards": [798.0], "episode_types": ["t"]}