{"initial_reset_timestamp": 1697295889.601025, "timestamps": [1697295958.759974], "episode_lengths": [8019], "episode_rewards": [1723.0], "episode_types": ["t"]}