{"initial_reset_timestamp": 1697314502.5435727, "timestamps": [1697314504.1500711], "episode_lengths": [776], "episode_rewards": [1685.0], "episode_types": ["t"]}