{"initial_reset_timestamp": 1697312470.3404386, "timestamps": [1697312486.1012821], "episode_lengths": [8019], "episode_rewards": [-125.0], "episode_types": ["t"]}