{"initial_reset_timestamp": 1697314852.9063416, "timestamps": [1697314868.1888514], "episode_lengths": [8019], "episode_rewards": [139.0], "episode_types": ["t"]}