{"initial_reset_timestamp": 1697298408.9916508, "timestamps": [1697298467.555195], "episode_lengths": [8019], "episode_rewards": [139.0], "episode_types": ["t"]}