{"initial_reset_timestamp": 1697296650.669013, "timestamps": [1697296652.0974865], "episode_lengths": [606], "episode_rewards": [1331.0], "episode_types": ["t"]}