{"initial_reset_timestamp": 1697311970.7901223, "timestamps": [1697312029.0972903], "episode_lengths": [8019], "episode_rewards": [1675.0], "episode_types": ["t"]}