{"initial_reset_timestamp": 1697289468.7158585, "timestamps": [1697289469.4503088], "episode_lengths": [332], "episode_rewards": [737.0], "episode_types": ["t"]}