{"initial_reset_timestamp": 1697291640.964607, "timestamps": [1697291711.3945692], "episode_lengths": [8019], "episode_rewards": [-21.0], "episode_types": ["t"]}