{"initial_reset_timestamp": 1697289489.9800243, "timestamps": [1697289490.8243153], "episode_lengths": [394], "episode_rewards": [608.0], "episode_types": ["t"]}