{"initial_reset_timestamp": 1697288288.8675668, "timestamps": [1697288289.6521099], "episode_lengths": [386], "episode_rewards": [605.0], "episode_types": ["t"]}