{"initial_reset_timestamp": 1697298753.4006703, "timestamps": [1697298755.1021278], "episode_lengths": [282], "episode_rewards": [605.0], "episode_types": ["t"]}