{"initial_reset_timestamp": 1697289290.1294658, "timestamps": [1697289305.8127534], "episode_lengths": [8019], "episode_rewards": [139.0], "episode_types": ["t"]}