{"initial_reset_timestamp": 1697317702.0777934, "timestamps": [1697317702.8518972], "episode_lengths": [386], "episode_rewards": [629.0], "episode_types": ["t"]}