{"initial_reset_timestamp": 1697293845.9919283, "timestamps": [1697293849.7812123], "episode_lengths": [1746], "episode_rewards": [756.0], "episode_types": ["t"]}