{"initial_reset_timestamp": 1697289495.6096768, "timestamps": [1697289497.272871], "episode_lengths": [762], "episode_rewards": [1700.0], "episode_types": ["t"]}