{"initial_reset_timestamp": 1697291428.2266319, "timestamps": [1697291429.7601287], "episode_lengths": [704], "episode_rewards": [1696.0], "episode_types": ["t"]}