{"initial_reset_timestamp": 1697294116.3608553, "timestamps": [1697294131.9655542], "episode_lengths": [8019], "episode_rewards": [1771.0], "episode_types": ["t"]}