{"initial_reset_timestamp": 1697316867.0185912, "timestamps": [1697316882.3476987], "episode_lengths": [8019], "episode_rewards": [353.0], "episode_types": ["t"]}