{"initial_reset_timestamp": 1697312802.3895712, "timestamps": [1697312803.707594], "episode_lengths": [650], "episode_rewards": [811.0], "episode_types": ["t"]}