{"initial_reset_timestamp": 1697293011.847923, "timestamps": [1697293019.980532], "episode_lengths": [1122], "episode_rewards": [713.0], "episode_types": ["t"]}