{"initial_reset_timestamp": 1697312558.4750164, "timestamps": [1697312560.4779267], "episode_lengths": [948], "episode_rewards": [1640.0], "episode_types": ["t"]}