{"initial_reset_timestamp": 1697317972.701072, "timestamps": [1697317987.9133813], "episode_lengths": [8019], "episode_rewards": [1771.0], "episode_types": ["t"]}