{"initial_reset_timestamp": 1697294946.1708696, "timestamps": [1697295014.5887237], "episode_lengths": [8019], "episode_rewards": [1707.0], "episode_types": ["t"]}