{"initial_reset_timestamp": 1697293793.2566743, "timestamps": [1697293807.3865914], "episode_lengths": [6792], "episode_rewards": [284.0], "episode_types": ["t"]}