{"initial_reset_timestamp": 1697289175.2338922, "timestamps": [1697289231.9939582], "episode_lengths": [8019], "episode_rewards": [-79.0], "episode_types": ["t"]}