{"initial_reset_timestamp": 1697296751.2890608, "timestamps": [1697296780.8382432], "episode_lengths": [8019], "episode_rewards": [267.0], "episode_types": ["t"]}