{"initial_reset_timestamp": 1697317833.420309, "timestamps": [1697317848.8802469], "episode_lengths": [8019], "episode_rewards": [1947.0], "episode_types": ["t"]}