{"initial_reset_timestamp": 1697289270.201708, "timestamps": [1697289285.9592748], "episode_lengths": [8019], "episode_rewards": [-122.0], "episode_types": ["t"]}