{"initial_reset_timestamp": 1697288384.283169, "timestamps": [1697288385.0405464], "episode_lengths": [364], "episode_rewards": [627.0], "episode_types": ["t"]}