{"initial_reset_timestamp": 1697289475.7448025, "timestamps": [1697289476.4368308], "episode_lengths": [332], "episode_rewards": [735.0], "episode_types": ["t"]}