{"initial_reset_timestamp": 1697304146.2960966, "timestamps": [1697304148.272518], "episode_lengths": [642], "episode_rewards": [616.0], "episode_types": ["t"]}