{"initial_reset_timestamp": 1697293974.4408748, "timestamps": [1697293974.7051656], "episode_lengths": [118], "episode_rewards": [250.0], "episode_types": ["t"]}