{"initial_reset_timestamp": 1697314817.6908162, "timestamps": [1697314832.8049889], "episode_lengths": [8019], "episode_rewards": [1757.0], "episode_types": ["t"]}