{"initial_reset_timestamp": 1697313852.6902015, "timestamps": [1697313854.3047407], "episode_lengths": [785], "episode_rewards": [1338.0], "episode_types": ["t"]}