{"initial_reset_timestamp": 1697288033.9246116, "timestamps": [1697288049.2013133], "episode_lengths": [8019], "episode_rewards": [-333.0], "episode_types": ["t"]}