{"initial_reset_timestamp": 1697297043.0468152, "timestamps": [1697297044.8583906], "episode_lengths": [244], "episode_rewards": [610.0], "episode_types": ["t"]}