{"initial_reset_timestamp": 1697288119.190325, "timestamps": [1697288134.5986457], "episode_lengths": [8019], "episode_rewards": [-430.0], "episode_types": ["t"]}