{"initial_reset_timestamp": 1697316755.7566566, "timestamps": [1697316757.7794707], "episode_lengths": [1008], "episode_rewards": [1838.0], "episode_types": ["t"]}