{"initial_reset_timestamp": 1697301438.470687, "timestamps": [1697301486.0062685], "episode_lengths": [8019], "episode_rewards": [139.0], "episode_types": ["t"]}