{"initial_reset_timestamp": 1697296629.5171797, "timestamps": [1697296646.0970578], "episode_lengths": [8019], "episode_rewards": [139.0], "episode_types": ["t"]}