{"initial_reset_timestamp": 1697312643.969623, "timestamps": [1697312645.6510172], "episode_lengths": [802], "episode_rewards": [1687.0], "episode_types": ["t"]}