{"initial_reset_timestamp": 1697289501.3855333, "timestamps": [1697289503.3904812], "episode_lengths": [915], "episode_rewards": [1025.0], "episode_types": ["t"]}