{"initial_reset_timestamp": 1697293711.0753295, "timestamps": [1697293728.3542464], "episode_lengths": [8019], "episode_rewards": [267.0], "episode_types": ["t"]}