{"initial_reset_timestamp": 1697302485.7066152, "timestamps": [1697302488.4489021], "episode_lengths": [356], "episode_rewards": [616.0], "episode_types": ["t"]}