{"initial_reset_timestamp": 1697317327.8659596, "timestamps": [1697317329.990489], "episode_lengths": [1078], "episode_rewards": [1668.0], "episode_types": ["t"]}