{"initial_reset_timestamp": 1697288294.88413, "timestamps": [1697288310.605501], "episode_lengths": [8019], "episode_rewards": [-130.0], "episode_types": ["t"]}