{"initial_reset_timestamp": 1697320226.071297, "timestamps": [1697320227.7225943], "episode_lengths": [818], "episode_rewards": [1689.0], "episode_types": ["t"]}