{"initial_reset_timestamp": 1697288183.2594676, "timestamps": [1697288192.5272758], "episode_lengths": [4462], "episode_rewards": [620.0], "episode_types": ["t"]}