{"initial_reset_timestamp": 1697309364.1506944, "timestamps": [1697309368.9576647], "episode_lengths": [700], "episode_rewards": [808.0], "episode_types": ["t"]}