{"initial_reset_timestamp": 1697311133.221663, "timestamps": [1697311141.0970922], "episode_lengths": [884], "episode_rewards": [1617.0], "episode_types": ["t"]}