{"initial_reset_timestamp": 1697288390.9045866, "timestamps": [1697288406.6094446], "episode_lengths": [8019], "episode_rewards": [206.0], "episode_types": ["t"]}