{"initial_reset_timestamp": 1697289403.0492456, "timestamps": [1697289418.6520305], "episode_lengths": [8019], "episode_rewards": [1771.0], "episode_types": ["t"]}