{"initial_reset_timestamp": 1697317295.5816743, "timestamps": [1697317310.9115179], "episode_lengths": [8019], "episode_rewards": [679.0], "episode_types": ["t"]}