{"initial_reset_timestamp": 1697297815.6020496, "timestamps": [1697297823.2738972], "episode_lengths": [3570], "episode_rewards": [2236.0], "episode_types": ["t"]}