{"initial_reset_timestamp": 1697317231.5586944, "timestamps": [1697317246.872261], "episode_lengths": [8019], "episode_rewards": [318.0], "episode_types": ["t"]}