{"initial_reset_timestamp": 1697291516.2667565, "timestamps": [1697291518.8427787], "episode_lengths": [338], "episode_rewards": [651.0], "episode_types": ["t"]}