{"initial_reset_timestamp": 1697316068.4556668, "timestamps": [1697316083.7819178], "episode_lengths": [8019], "episode_rewards": [1697.0], "episode_types": ["t"]}