{"initial_reset_timestamp": 1697302164.4210372, "timestamps": [1697302169.7248816], "episode_lengths": [736], "episode_rewards": [807.0], "episode_types": ["t"]}