{"initial_reset_timestamp": 1697318526.741312, "timestamps": [1697318541.938955], "episode_lengths": [8019], "episode_rewards": [1675.0], "episode_types": ["t"]}