{"initial_reset_timestamp": 1697288417.147463, "timestamps": [1697288432.884716], "episode_lengths": [8019], "episode_rewards": [214.0], "episode_types": ["t"]}