{"initial_reset_timestamp": 1697313660.4720435, "timestamps": [1697313675.5224564], "episode_lengths": [8019], "episode_rewards": [1707.0], "episode_types": ["t"]}