{"initial_reset_timestamp": 1697293810.416522, "timestamps": [1697293826.9480987], "episode_lengths": [8019], "episode_rewards": [1915.0], "episode_types": ["t"]}