{"initial_reset_timestamp": 1697288056.0587974, "timestamps": [1697288072.111798], "episode_lengths": [8019], "episode_rewards": [267.0], "episode_types": ["t"]}