{"initial_reset_timestamp": 1697289246.6526878, "timestamps": [1697289262.346681], "episode_lengths": [8019], "episode_rewards": [-91.0], "episode_types": ["t"]}