{"initial_reset_timestamp": 1697317027.433389, "timestamps": [1697317042.7903135], "episode_lengths": [8019], "episode_rewards": [2395.0], "episode_types": ["t"]}