{"initial_reset_timestamp": 1697296980.2673712, "timestamps": [1697296982.4247222], "episode_lengths": [290], "episode_rewards": [653.0], "episode_types": ["t"]}