{"initial_reset_timestamp": 1697289037.8910837, "timestamps": [1697289044.0549557], "episode_lengths": [892], "episode_rewards": [1425.0], "episode_types": ["t"]}