{"initial_reset_timestamp": 1697288164.1107461, "timestamps": [1697288181.2797046], "episode_lengths": [8019], "episode_rewards": [-233.0], "episode_types": ["t"]}