{"initial_reset_timestamp": 1697291846.7955387, "timestamps": [1697291850.7613003], "episode_lengths": [534], "episode_rewards": [1066.0], "episode_types": ["t"]}