{"initial_reset_timestamp": 1697297524.3593485, "timestamps": [1697297590.720469], "episode_lengths": [8019], "episode_rewards": [2139.0], "episode_types": ["t"]}