{"initial_reset_timestamp": 1697312877.3088686, "timestamps": [1697312877.9532356], "episode_lengths": [316], "episode_rewards": [610.0], "episode_types": ["t"]}