{"initial_reset_timestamp": 1697319931.636495, "timestamps": [1697319932.3177261], "episode_lengths": [328], "episode_rewards": [737.0], "episode_types": ["t"]}