{"initial_reset_timestamp": 1697294387.4445436, "timestamps": [1697294389.5942888], "episode_lengths": [300], "episode_rewards": [608.0], "episode_types": ["t"]}