{"initial_reset_timestamp": 1697312598.6710255, "timestamps": [1697312611.0281222], "episode_lengths": [6262], "episode_rewards": [320.0], "episode_types": ["t"]}