{"initial_reset_timestamp": 1697317339.218046, "timestamps": [1697317354.4502077], "episode_lengths": [7911], "episode_rewards": [2010.0], "episode_types": ["t"]}