{"initial_reset_timestamp": 1697292351.3693385, "timestamps": [1697292422.1284912], "episode_lengths": [8019], "episode_rewards": [-21.0], "episode_types": ["t"]}