{"initial_reset_timestamp": 1697295588.5011504, "timestamps": [1697295594.6780827], "episode_lengths": [812], "episode_rewards": [1701.0], "episode_types": ["t"]}