{"initial_reset_timestamp": 1697295371.321987, "timestamps": [1697295372.2107134], "episode_lengths": [124], "episode_rewards": [250.0], "episode_types": ["t"]}