{"initial_reset_timestamp": 1697292923.8395042, "timestamps": [1697292926.4382393], "episode_lengths": [368], "episode_rewards": [619.0], "episode_types": ["t"]}