{"initial_reset_timestamp": 1697316790.254056, "timestamps": [1697316792.4621696], "episode_lengths": [1124], "episode_rewards": [1678.0], "episode_types": ["t"]}