{"initial_reset_timestamp": 1697318638.8051572, "timestamps": [1697318654.386857], "episode_lengths": [8019], "episode_rewards": [2475.0], "episode_types": ["t"]}