{"initial_reset_timestamp": 1697303180.0459845, "timestamps": [1697303183.089364], "episode_lengths": [492], "episode_rewards": [1068.0], "episode_types": ["t"]}