{"initial_reset_timestamp": 1697293785.5052376, "timestamps": [1697293786.783242], "episode_lengths": [588], "episode_rewards": [638.0], "episode_types": ["t"]}