{"initial_reset_timestamp": 1697316195.6926436, "timestamps": [1697316211.0708811], "episode_lengths": [8019], "episode_rewards": [1697.0], "episode_types": ["t"]}