{"initial_reset_timestamp": 1697289067.6233487, "timestamps": [1697289132.7194002], "episode_lengths": [8019], "episode_rewards": [-204.0], "episode_types": ["t"]}