{"initial_reset_timestamp": 1697313202.5560799, "timestamps": [1697313203.927404], "episode_lengths": [681], "episode_rewards": [1034.0], "episode_types": ["t"]}