{"initial_reset_timestamp": 1697312706.573212, "timestamps": [1697312721.8037412], "episode_lengths": [8019], "episode_rewards": [487.0], "episode_types": ["t"]}