{"initial_reset_timestamp": 1697322591.513481, "timestamps": [1697322606.6417036], "episode_lengths": [8019], "episode_rewards": [1723.0], "episode_types": ["t"]}