{"initial_reset_timestamp": 1697298293.4038513, "timestamps": [1697298311.5571337], "episode_lengths": [8019], "episode_rewards": [139.0], "episode_types": ["t"]}