{"initial_reset_timestamp": 1697308040.620437, "timestamps": [1697308046.0941586], "episode_lengths": [786], "episode_rewards": [1648.0], "episode_types": ["t"]}