{"initial_reset_timestamp": 1697293761.0808055, "timestamps": [1697293762.247328], "episode_lengths": [528], "episode_rewards": [1105.0], "episode_types": ["t"]}