{"initial_reset_timestamp": 1697288328.8182714, "timestamps": [1697288344.1042345], "episode_lengths": [8019], "episode_rewards": [-377.0], "episode_types": ["t"]}