{"initial_reset_timestamp": 1697289644.898989, "timestamps": [1697289651.250139], "episode_lengths": [914], "episode_rewards": [765.0], "episode_types": ["t"]}