{"initial_reset_timestamp": 1697288376.404327, "timestamps": [1697288377.0867581], "episode_lengths": [330], "episode_rewards": [611.0], "episode_types": ["t"]}