{"initial_reset_timestamp": 1697321112.3971665, "timestamps": [1697321114.0647337], "episode_lengths": [836], "episode_rewards": [1693.0], "episode_types": ["t"]}