{"initial_reset_timestamp": 1697297240.748256, "timestamps": [1697297245.7336257], "episode_lengths": [718], "episode_rewards": [748.0], "episode_types": ["t"]}