{"initial_reset_timestamp": 1697295038.183559, "timestamps": [1697295106.6101224], "episode_lengths": [8019], "episode_rewards": [139.0], "episode_types": ["t"]}