{"initial_reset_timestamp": 1697306909.6750853, "timestamps": [1697306964.8836255], "episode_lengths": [8012], "episode_rewards": [251.0], "episode_types": ["t"]}