{"initial_reset_timestamp": 1697299455.8977404, "timestamps": [1697299461.8312004], "episode_lengths": [976], "episode_rewards": [795.0], "episode_types": ["t"]}