{"initial_reset_timestamp": 1697293741.3838632, "timestamps": [1697293757.880808], "episode_lengths": [7831], "episode_rewards": [975.0], "episode_types": ["t"]}