{"initial_reset_timestamp": 1697287973.9431496, "timestamps": [1697287974.2242231], "episode_lengths": [116], "episode_rewards": [245.0], "episode_types": ["t"]}