{"initial_reset_timestamp": 1697298044.4542525, "timestamps": [1697298050.2546756], "episode_lengths": [2958], "episode_rewards": [696.0], "episode_types": ["t"]}