{"initial_reset_timestamp": 1697317362.3368618, "timestamps": [1697317376.0510287], "episode_lengths": [7144], "episode_rewards": [1375.0], "episode_types": ["t"]}