{"initial_reset_timestamp": 1697317177.4847143, "timestamps": [1697317192.893752], "episode_lengths": [8019], "episode_rewards": [478.0], "episode_types": ["t"]}