{"initial_reset_timestamp": 1697316536.29442, "timestamps": [1697316537.8121457], "episode_lengths": [758], "episode_rewards": [1684.0], "episode_types": ["t"]}