{"initial_reset_timestamp": 1697289521.322418, "timestamps": [1697289531.0195272], "episode_lengths": [4602], "episode_rewards": [613.0], "episode_types": ["t"]}