{"initial_reset_timestamp": 1697292605.9755607, "timestamps": [1697292607.150895], "episode_lengths": [150], "episode_rewards": [239.0], "episode_types": ["t"]}