{"initial_reset_timestamp": 1697289535.4010968, "timestamps": [1697289536.9208457], "episode_lengths": [704], "episode_rewards": [1320.0], "episode_types": ["t"]}