{"initial_reset_timestamp": 1697296952.0343363, "timestamps": [1697296955.3707294], "episode_lengths": [500], "episode_rewards": [1042.0], "episode_types": ["t"]}