{"initial_reset_timestamp": 1697298653.6582696, "timestamps": [1697298704.3436823], "episode_lengths": [8019], "episode_rewards": [1899.0], "episode_types": ["t"]}