{"initial_reset_timestamp": 1697287678.597097, "timestamps": [1697287680.1853173], "episode_lengths": [728], "episode_rewards": [1057.0], "episode_types": ["t"]}