{"initial_reset_timestamp": 1697283230.601381, "timestamps": [1697283231.5669394], "episode_lengths": [140], "episode_rewards": [233.0], "episode_types": ["t"]}