{"initial_reset_timestamp": 1697299161.2749043, "timestamps": [1697299213.1288326], "episode_lengths": [8019], "episode_rewards": [-29.0], "episode_types": ["t"]}