{"initial_reset_timestamp": 1697318019.7324958, "timestamps": [1697318035.1377857], "episode_lengths": [8019], "episode_rewards": [1931.0], "episode_types": ["t"]}