{"initial_reset_timestamp": 1697289325.7634394, "timestamps": [1697289341.4868212], "episode_lengths": [8019], "episode_rewards": [-21.0], "episode_types": ["t"]}