{"initial_reset_timestamp": 1697289307.815614, "timestamps": [1697289323.4958005], "episode_lengths": [8019], "episode_rewards": [-21.0], "episode_types": ["t"]}