{"initial_reset_timestamp": 1697293989.3684013, "timestamps": [1697294005.05327], "episode_lengths": [8019], "episode_rewards": [78.0], "episode_types": ["t"]}