{"initial_reset_timestamp": 1697289540.3558807, "timestamps": [1697289543.2201974], "episode_lengths": [992], "episode_rewards": [794.0], "episode_types": ["t"]}