{"initial_reset_timestamp": 1697292021.0330012, "timestamps": [1697292036.737962], "episode_lengths": [8019], "episode_rewards": [139.0], "episode_types": ["t"]}