{"initial_reset_timestamp": 1697296496.1523721, "timestamps": [1697296563.9766593], "episode_lengths": [8019], "episode_rewards": [-21.0], "episode_types": ["t"]}