{"initial_reset_timestamp": 1697304035.2940876, "timestamps": [1697304050.1486363], "episode_lengths": [5068], "episode_rewards": [399.0], "episode_types": ["t"]}