{"initial_reset_timestamp": 1697313067.2462733, "timestamps": [1697313082.545587], "episode_lengths": [8019], "episode_rewards": [139.0], "episode_types": ["t"]}