{"initial_reset_timestamp": 1697318380.0588763, "timestamps": [1697318393.3996181], "episode_lengths": [6856], "episode_rewards": [451.0], "episode_types": ["t"]}