{"initial_reset_timestamp": 1697310194.4944165, "timestamps": [1697310199.75869], "episode_lengths": [711], "episode_rewards": [1309.0], "episode_types": ["t"]}