{"initial_reset_timestamp": 1697296422.794984, "timestamps": [1697296488.456273], "episode_lengths": [8019], "episode_rewards": [-21.0], "episode_types": ["t"]}