{"initial_reset_timestamp": 1697319164.5191815, "timestamps": [1697319179.9166384], "episode_lengths": [8019], "episode_rewards": [1899.0], "episode_types": ["t"]}