{"initial_reset_timestamp": 1697288570.9716496, "timestamps": [1697288636.3308542], "episode_lengths": [8019], "episode_rewards": [267.0], "episode_types": ["t"]}