{"initial_reset_timestamp": 1697294932.8268976, "timestamps": [1697294935.4824977], "episode_lengths": [370], "episode_rewards": [649.0], "episode_types": ["t"]}