{"initial_reset_timestamp": 1697301912.0763514, "timestamps": [1697301913.687756], "episode_lengths": [266], "episode_rewards": [609.0], "episode_types": ["t"]}