{"initial_reset_timestamp": 1697315553.3389843, "timestamps": [1697315556.8418684], "episode_lengths": [1770], "episode_rewards": [1648.0], "episode_types": ["t"]}