{"initial_reset_timestamp": 1697310519.0919495, "timestamps": [1697310586.7567067], "episode_lengths": [8019], "episode_rewards": [602.0], "episode_types": ["t"]}