{"initial_reset_timestamp": 1697287821.9212584, "timestamps": [1697287837.9827018], "episode_lengths": [8019], "episode_rewards": [267.0], "episode_types": ["t"]}