{"initial_reset_timestamp": 1697312829.1794653, "timestamps": [1697312830.6543632], "episode_lengths": [722], "episode_rewards": [1704.0], "episode_types": ["t"]}