{"initial_reset_timestamp": 1697293165.0328496, "timestamps": [1697293233.2429411], "episode_lengths": [8019], "episode_rewards": [113.0], "episode_types": ["t"]}