{"initial_reset_timestamp": 1697315955.053356, "timestamps": [1697315968.7924242], "episode_lengths": [7016], "episode_rewards": [1386.0], "episode_types": ["t"]}