{"initial_reset_timestamp": 1697320796.065655, "timestamps": [1697320797.8753507], "episode_lengths": [900], "episode_rewards": [621.0], "episode_types": ["t"]}