{"initial_reset_timestamp": 1697295484.3220081, "timestamps": [1697295549.5947158], "episode_lengths": [8019], "episode_rewards": [-21.0], "episode_types": ["t"]}