{"initial_reset_timestamp": 1697296701.9071925, "timestamps": [1697296747.7351403], "episode_lengths": [8019], "episode_rewards": [-48.0], "episode_types": ["t"]}