{"initial_reset_timestamp": 1697294166.9296806, "timestamps": [1697294182.383113], "episode_lengths": [8019], "episode_rewards": [-373.0], "episode_types": ["t"]}