{"initial_reset_timestamp": 1697296351.1635203, "timestamps": [1697296417.7649984], "episode_lengths": [8019], "episode_rewards": [-21.0], "episode_types": ["t"]}