{"initial_reset_timestamp": 1697288013.500659, "timestamps": [1697288026.2032156], "episode_lengths": [6266], "episode_rewards": [1038.0], "episode_types": ["t"]}