{"initial_reset_timestamp": 1697288258.6730378, "timestamps": [1697288259.9374602], "episode_lengths": [574], "episode_rewards": [1039.0], "episode_types": ["t"]}