{"initial_reset_timestamp": 1697461288.9840097, "timestamps": [1697461298.0668392], "episode_lengths": [4320], "episode_rewards": [2905.0], "episode_types": ["t"]}