{"initial_reset_timestamp": 1697281883.1700282, "timestamps": [1697281886.8995852], "episode_lengths": [1868], "episode_rewards": [984.0], "episode_types": ["t"]}