{"initial_reset_timestamp": 1697322785.2960703, "timestamps": [1697322787.0775993], "episode_lengths": [896], "episode_rewards": [799.0], "episode_types": ["t"]}