{"initial_reset_timestamp": 1697293923.0468068, "timestamps": [1697293924.9841793], "episode_lengths": [906], "episode_rewards": [798.0], "episode_types": ["t"]}