{"initial_reset_timestamp": 1697291443.380601, "timestamps": [1697291447.3496494], "episode_lengths": [536], "episode_rewards": [641.0], "episode_types": ["t"]}