{"initial_reset_timestamp": 1697289346.8357675, "timestamps": [1697289348.3323712], "episode_lengths": [726], "episode_rewards": [807.0], "episode_types": ["t"]}