{"initial_reset_timestamp": 1697318892.0818572, "timestamps": [1697318893.6416311], "episode_lengths": [782], "episode_rewards": [1671.0], "episode_types": ["t"]}