{"initial_reset_timestamp": 1697318580.5001833, "timestamps": [1697318582.0230875], "episode_lengths": [768], "episode_rewards": [1689.0], "episode_types": ["t"]}