{"initial_reset_timestamp": 1697296618.935811, "timestamps": [1697296620.2985668], "episode_lengths": [262], "episode_rewards": [613.0], "episode_types": ["t"]}