{"initial_reset_timestamp": 1697309185.075429, "timestamps": [1697309187.8019955], "episode_lengths": [366], "episode_rewards": [642.0], "episode_types": ["t"]}