{"initial_reset_timestamp": 1697316241.1467118, "timestamps": [1697316242.8267071], "episode_lengths": [842], "episode_rewards": [1695.0], "episode_types": ["t"]}