{"initial_reset_timestamp": 1697312781.212683, "timestamps": [1697312796.6222987], "episode_lengths": [8019], "episode_rewards": [1985.0], "episode_types": ["t"]}