{"initial_reset_timestamp": 1697303788.7609832, "timestamps": [1697303792.9724474], "episode_lengths": [1779], "episode_rewards": [2323.0], "episode_types": ["t"]}