{"initial_reset_timestamp": 1697296169.6147957, "timestamps": [1697296239.4085202], "episode_lengths": [8019], "episode_rewards": [1771.0], "episode_types": ["t"]}