{"initial_reset_timestamp": 1697317094.4060233, "timestamps": [1697317107.4030185], "episode_lengths": [6942], "episode_rewards": [316.0], "episode_types": ["t"]}