{"initial_reset_timestamp": 1697317686.1704712, "timestamps": [1697317695.6221192], "episode_lengths": [4891], "episode_rewards": [2167.0], "episode_types": ["t"]}