{"initial_reset_timestamp": 1697289371.84747, "timestamps": [1697289373.1248372], "episode_lengths": [628], "episode_rewards": [812.0], "episode_types": ["t"]}