{"initial_reset_timestamp": 1697321463.2110267, "timestamps": [1697321478.3347998], "episode_lengths": [8019], "episode_rewards": [1751.0], "episode_types": ["t"]}