{"initial_reset_timestamp": 1697288252.997792, "timestamps": [1697288254.3133152], "episode_lengths": [592], "episode_rewards": [638.0], "episode_types": ["t"]}