{"initial_reset_timestamp": 1697316122.1851027, "timestamps": [1697316136.667716], "episode_lengths": [7418], "episode_rewards": [1356.0], "episode_types": ["t"]}