{"initial_reset_timestamp": 1697315099.8912141, "timestamps": [1697315101.5691044], "episode_lengths": [804], "episode_rewards": [1698.0], "episode_types": ["t"]}