{"initial_reset_timestamp": 1697296263.1775227, "timestamps": [1697296333.9517264], "episode_lengths": [8019], "episode_rewards": [-1.0], "episode_types": ["t"]}