{"initial_reset_timestamp": 1697287124.1571987, "timestamps": [1697287139.9510982], "episode_lengths": [8019], "episode_rewards": [139.0], "episode_types": ["t"]}