{"initial_reset_timestamp": 1697317951.1648622, "timestamps": [1697317952.7258563], "episode_lengths": [776], "episode_rewards": [1633.0], "episode_types": ["t"]}