{"initial_reset_timestamp": 1697317151.0586166, "timestamps": [1697317151.7852287], "episode_lengths": [368], "episode_rewards": [630.0], "episode_types": ["t"]}