{"initial_reset_timestamp": 1697287977.0412157, "timestamps": [1697287978.4210153], "episode_lengths": [658], "episode_rewards": [635.0], "episode_types": ["t"]}