{"initial_reset_timestamp": 1697303308.3229234, "timestamps": [1697303309.165732], "episode_lengths": [132], "episode_rewards": [248.0], "episode_types": ["t"]}