{"initial_reset_timestamp": 1697315244.8269947, "timestamps": [1697315246.3567858], "episode_lengths": [746], "episode_rewards": [1693.0], "episode_types": ["t"]}