{"initial_reset_timestamp": 1697292495.516732, "timestamps": [1697292496.5566757], "episode_lengths": [504], "episode_rewards": [783.0], "episode_types": ["t"]}