{"initial_reset_timestamp": 1697288197.488704, "timestamps": [1697288213.4324868], "episode_lengths": [7966], "episode_rewards": [-163.0], "episode_types": ["t"]}