{"initial_reset_timestamp": 1697289448.633185, "timestamps": [1697289464.4580197], "episode_lengths": [8019], "episode_rewards": [267.0], "episode_types": ["t"]}