{"initial_reset_timestamp": 1697291742.3143475, "timestamps": [1697291746.7954922], "episode_lengths": [631], "episode_rewards": [1321.0], "episode_types": ["t"]}