{"initial_reset_timestamp": 1697289555.1041226, "timestamps": [1697289620.986324], "episode_lengths": [8019], "episode_rewards": [-427.0], "episode_types": ["t"]}