{"initial_reset_timestamp": 1697288360.633434, "timestamps": [1697288373.68193], "episode_lengths": [6615], "episode_rewards": [739.0], "episode_types": ["t"]}