{"initial_reset_timestamp": 1697295254.9648867, "timestamps": [1697295262.559318], "episode_lengths": [992], "episode_rewards": [1933.0], "episode_types": ["t"]}