{"initial_reset_timestamp": 1697288078.525066, "timestamps": [1697288080.3372288], "episode_lengths": [890], "episode_rewards": [623.0], "episode_types": ["t"]}