{"initial_reset_timestamp": 1697297740.4120936, "timestamps": [1697297742.038148], "episode_lengths": [768], "episode_rewards": [1694.0], "episode_types": ["t"]}