{"initial_reset_timestamp": 1697296655.332025, "timestamps": [1697296688.884921], "episode_lengths": [6854], "episode_rewards": [407.0], "episode_types": ["t"]}