{"initial_reset_timestamp": 1697317263.9208055, "timestamps": [1697317265.0499933], "episode_lengths": [554], "episode_rewards": [816.0], "episode_types": ["t"]}