{"initial_reset_timestamp": 1697305374.1740582, "timestamps": [1697305376.2717571], "episode_lengths": [272], "episode_rewards": [613.0], "episode_types": ["t"]}