{"initial_reset_timestamp": 1697312428.7989218, "timestamps": [1697312430.0405283], "episode_lengths": [546], "episode_rewards": [816.0], "episode_types": ["t"]}