{"initial_reset_timestamp": 1697318565.8389175, "timestamps": [1697318566.827598], "episode_lengths": [498], "episode_rewards": [819.0], "episode_types": ["t"]}