{"initial_reset_timestamp": 1697318215.4416943, "timestamps": [1697318217.553018], "episode_lengths": [1064], "episode_rewards": [2358.0], "episode_types": ["t"]}