{"initial_reset_timestamp": 1697293881.8986106, "timestamps": [1697293899.0117328], "episode_lengths": [8019], "episode_rewards": [-21.0], "episode_types": ["t"]}