{"initial_reset_timestamp": 1697288246.6573558, "timestamps": [1697288249.028544], "episode_lengths": [1074], "episode_rewards": [1682.0], "episode_types": ["t"]}