{"initial_reset_timestamp": 1697288268.3553848, "timestamps": [1697288270.5782673], "episode_lengths": [1022], "episode_rewards": [792.0], "episode_types": ["t"]}