{"initial_reset_timestamp": 1697312408.8366067, "timestamps": [1697312424.685627], "episode_lengths": [8019], "episode_rewards": [-21.0], "episode_types": ["t"]}