{"initial_reset_timestamp": 1697295861.0464182, "timestamps": [1697295863.3886287], "episode_lengths": [316], "episode_rewards": [620.0], "episode_types": ["t"]}