{"initial_reset_timestamp": 1697320912.4349592, "timestamps": [1697320914.0110307], "episode_lengths": [772], "episode_rewards": [1694.0], "episode_types": ["t"]}