{"initial_reset_timestamp": 1697287843.565473, "timestamps": [1697287845.4135356], "episode_lengths": [906], "episode_rewards": [798.0], "episode_types": ["t"]}