{"initial_reset_timestamp": 1697288411.8807828, "timestamps": [1697288413.0114138], "episode_lengths": [550], "episode_rewards": [1041.0], "episode_types": ["t"]}