{"initial_reset_timestamp": 1697293933.5893018, "timestamps": [1697293933.854265], "episode_lengths": [116], "episode_rewards": [250.0], "episode_types": ["t"]}