{"initial_reset_timestamp": 1697304164.5972884, "timestamps": [1697304190.1642165], "episode_lengths": [8078], "episode_rewards": [-84.0], "episode_types": ["t"]}