{"initial_reset_timestamp": 1697293575.8755145, "timestamps": [1697293593.5266106], "episode_lengths": [8019], "episode_rewards": [1947.0], "episode_types": ["t"]}