{"initial_reset_timestamp": 1697314378.5477831, "timestamps": [1697314393.8370838], "episode_lengths": [8019], "episode_rewards": [1304.0], "episode_types": ["t"]}