{"initial_reset_timestamp": 1697287847.4338148, "timestamps": [1697287848.7372758], "episode_lengths": [631], "episode_rewards": [1040.0], "episode_types": ["t"]}