{"initial_reset_timestamp": 1697317287.8584597, "timestamps": [1697317288.6849473], "episode_lengths": [410], "episode_rewards": [632.0], "episode_types": ["t"]}