{"initial_reset_timestamp": 1697288727.673741, "timestamps": [1697288791.7092912], "episode_lengths": [8019], "episode_rewards": [-21.0], "episode_types": ["t"]}