{"initial_reset_timestamp": 1697295391.310372, "timestamps": [1697295446.9229987], "episode_lengths": [8019], "episode_rewards": [1771.0], "episode_types": ["t"]}