{"initial_reset_timestamp": 1697317271.4141886, "timestamps": [1697317273.4763253], "episode_lengths": [1032], "episode_rewards": [1673.0], "episode_types": ["t"]}