{"initial_reset_timestamp": 1697291979.0230222, "timestamps": [1697292012.645286], "episode_lengths": [8019], "episode_rewards": [-245.0], "episode_types": ["t"]}