{"initial_reset_timestamp": 1697304603.1258855, "timestamps": [1697304676.2222004], "episode_lengths": [8019], "episode_rewards": [-138.0], "episode_types": ["t"]}