{"initial_reset_timestamp": 1697316477.52988, "timestamps": [1697316478.789934], "episode_lengths": [636], "episode_rewards": [812.0], "episode_types": ["t"]}