{"initial_reset_timestamp": 1697312763.8081856, "timestamps": [1697312766.3882332], "episode_lengths": [1300], "episode_rewards": [1584.0], "episode_types": ["t"]}