{"initial_reset_timestamp": 1697293766.8478084, "timestamps": [1697293768.3478382], "episode_lengths": [648], "episode_rewards": [1432.0], "episode_types": ["t"]}