{"initial_reset_timestamp": 1697316806.3077388, "timestamps": [1697316807.815333], "episode_lengths": [754], "episode_rewards": [1693.0], "episode_types": ["t"]}