{"initial_reset_timestamp": 1697289422.7204099, "timestamps": [1697289438.438274], "episode_lengths": [8019], "episode_rewards": [-17.0], "episode_types": ["t"]}