{"initial_reset_timestamp": 1697320763.1114428, "timestamps": [1697320777.7335062], "episode_lengths": [7586], "episode_rewards": [2032.0], "episode_types": ["t"]}