{"initial_reset_timestamp": 1697293597.8595395, "timestamps": [1697293598.638091], "episode_lengths": [354], "episode_rewards": [634.0], "episode_types": ["t"]}