{"initial_reset_timestamp": 1697293559.8692777, "timestamps": [1697293562.5351005], "episode_lengths": [1214], "episode_rewards": [1561.0], "episode_types": ["t"]}